Speaker,Session,gloss1,AOP,subj_session
Alex,010427,why,16,Alex_16
Alex,010512,ball,17,Alex_17
Alex,010512,bat,17,Alex_17
Alex,010526,a,17,Alex_17
Alex,010526,ice,17,Alex_17
Alex,010614,slow,18,Alex_18
Alex,010707,sky,19,Alex_19
Alex,010707,this,19,Alex_19
Alex,010707,blue,19,Alex_19
Alex,010707,moo,19,Alex_19
Alex,010707,hi,19,Alex_19
Alex,010726,do,19,Alex_19
Alex,010726,it,19,Alex_19
Alex,010726,dog,19,Alex_19
Alex,010726,no,19,Alex_19
Alex,010726,what,19,Alex_19
Alex,010726,is,19,Alex_19
Alex,010726,what's,19,Alex_19
Alex,010726,that,19,Alex_19
Alex,010726,pull,19,Alex_19
Alex,010726,big,19,Alex_19
Alex,010811,bye,20,Alex_20
Alex,010811,boy,20,Alex_20
Alex,010811,towel,20,Alex_20
Alex,010811,shh,20,Alex_20
Alex,010811,go,20,Alex_20
Alex,010811,yes,20,Alex_20
Alex,010811,goose,20,Alex_20
Alex,010811,duckie,20,Alex_20
Alex,010811,he's,20,Alex_20
Alex,010825,moon,20,Alex_20
Alex,010825,meow,20,Alex_20
Alex,010825,eye,20,Alex_20
Alex,010908,but,21,Alex_21
Alex,010908,ow,21,Alex_21
Alex,010908,my,21,Alex_21
Alex,010908,did,21,Alex_21
Alex,010908,he,21,Alex_21
Alex,010908,woof,21,Alex_21
Alex,010908,take,21,Alex_21
Alex,010908,quack,21,Alex_21
Alex,010922,all,21,Alex_21
Alex,010922,gone,21,Alex_21
Alex,010922,and,21,Alex_21
Alex,010922,who,21,Alex_21
Alex,010922,spoon,21,Alex_21
Alex,011006,up,22,Alex_22
Alex,011006,apple,22,Alex_22
Alex,011024,down,22,Alex_22
Alex,011024,teeth,22,Alex_22
Alex,011024,egg,22,Alex_22
Alex,011024,the,22,Alex_22
Alex,011024,you,22,Alex_22
Alex,011103,those,23,Alex_23
Alex,011103,look,23,Alex_23
Alex,011103,boat,23,Alex_23
Alex,011103,to,23,Alex_23
Alex,011103,please,23,Alex_23
Alex,011103,me,23,Alex_23
Alex,011103,see,23,Alex_23
Alex,011103,was,23,Alex_23
Alex,011117,help,23,Alex_23
Alex,011117,bowl,23,Alex_23
Alex,011117,hits,23,Alex_23
Alex,011117,we,23,Alex_23
Alex,011117,juice,23,Alex_23
Alex,011117,how,23,Alex_23
Alex,011117,milk,23,Alex_23
Alex,011117,give,23,Alex_23
Alex,011117,ya,23,Alex_23
Alex,011117,need,23,Alex_23
Alex,011117,out,23,Alex_23
Alex,011117,us,23,Alex_23
Alex,011117,she,23,Alex_23
Alex,011117,on,23,Alex_23
Alex,011127,new,23,Alex_23
Alex,011127,cut,23,Alex_23
Alex,011127,zoo,23,Alex_23
Alex,011127,mine,23,Alex_23
Alex,020102,cheese,25,Alex_25
Alex,020102,in,25,Alex_25
Alex,020200,play,26,Alex_26
Alex,020217,pig,26,Alex_26
Alex,020217,an,26,Alex_26
Alex,020217,cake,26,Alex_26
Alex,020217,hat,26,Alex_26
Alex,020300,stay,27,Alex_27
Alex,020300,black,27,Alex_27
Alex,020300,his,27,Alex_27
Alex,020300,shoe,27,Alex_27
Alex,020314,white,27,Alex_27
Alex,020314,bean,27,Alex_27
Alex,020326,push,27,Alex_27
Alex,020326,box,27,Alex_27
Alex,020326,cup,27,Alex_27
Alex,020326,glove,27,Alex_27
Alex,020326,flag,27,Alex_27
Alex,020326,have,27,Alex_27
Alex,020326,get,27,Alex_27
Alex,020326,them,27,Alex_27
Alex,020326,make,27,Alex_27
Alex,020326,him,27,Alex_27
Alex,020326,say,27,Alex_27
Alex,020326,lion,27,Alex_27
Alex,020326,bus,27,Alex_27
Alex,020326,car,27,Alex_27
Alex,020326,put,27,Alex_27
Alex,020326,with,27,Alex_27
Alex,020326,stick,27,Alex_27
Alex,020326,snowman,27,Alex_27
Alex,020326,stop,27,Alex_27
Alex,020326,mouse,27,Alex_27
Alex,020411,foot,28,Alex_28
Alex,020411,choo,28,Alex_28
Alex,020411,book,28,Alex_28
Alex,020411,house,28,Alex_28
Alex,020411,home,28,Alex_28
Alex,020411,sheep,28,Alex_28
Alex,020411,time,28,Alex_28
Alex,020411,hand,28,Alex_28
Alex,020425,these,28,Alex_28
Alex,020425,not,28,Alex_28
Alex,020425,at,28,Alex_28
Alex,020425,too,28,Alex_28
Alex,020425,knife,28,Alex_28
Alex,020425,face,28,Alex_28
Alex,020425,peekaboo,28,Alex_28
Alex,020425,nice,28,Alex_28
Alex,020425,wait,28,Alex_28
Alex,020425,head,28,Alex_28
Alex,020425,stuck,28,Alex_28
Alex,020425,so,28,Alex_28
Alex,020425,fix,28,Alex_28
Alex,020425,am,28,Alex_28
Alex,020425,man,28,Alex_28
Alex,020425,then,28,Alex_28
Alex,020425,pick,28,Alex_28
Alex,020509,wake,29,Alex_29
Alex,020509,went,29,Alex_29
Alex,020509,old,29,Alex_29
Alex,020509,food,29,Alex_29
Alex,020509,jump,29,Alex_29
Alex,020509,plant,29,Alex_29
Alex,020509,block,29,Alex_29
Alex,020509,game,29,Alex_29
Alex,020509,sit,29,Alex_29
Alex,020509,owl,29,Alex_29
Alex,020509,key,29,Alex_29
Alex,020509,cloud,29,Alex_29
Alex,020509,bee,29,Alex_29
Alex,020509,by,29,Alex_29
Alex,020509,thank_you,29,Alex_29
Alex,020509,bug,29,Alex_29
Alex,020509,hug,29,Alex_29
Alex,020509,kiss,29,Alex_29
Alex,020509,snack,29,Alex_29
Alex,020509,fell,29,Alex_29
Alex,020509,duck,29,Alex_29
Alex,020509,sing,29,Alex_29
Alex,020509,says,29,Alex_29
Alex,020509,cow,29,Alex_29
Alex,020509,baa,29,Alex_29
Alex,020509,be,29,Alex_29
Alex,020523,boo+boo,29,Alex_29
Alex,020523,knee,29,Alex_29
Alex,020523,much,29,Alex_29
Alex,020523,cook,29,Alex_29
Alex,020523,bench,29,Alex_29
Alex,020523,salt,29,Alex_29
Alex,020523,last,29,Alex_29
Alex,020523,hot,29,Alex_29
Alex,020523,gum,29,Alex_29
Alex,020523,touch,29,Alex_29
Alex,020523,yum,29,Alex_29
Alex,020523,bite,29,Alex_29
Alex,020523,going,29,Alex_29
Alex,020523,tape,29,Alex_29
Alex,020523,day,29,Alex_29
Alex,020606,hit,30,Alex_30
Alex,020606,byebye,30,Alex_30
Alex,020606,climb,30,Alex_30
Alex,020606,off,30,Alex_30
Alex,020606,of,30,Alex_30
Alex,020606,nose,30,Alex_30
Alex,020606,lip,30,Alex_30
Alex,020606,tongue,30,Alex_30
Alex,020606,good,30,Alex_30
Alex,020606,now,30,Alex_30
Alex,020606,mouth,30,Alex_30
Alex,020606,leg,30,Alex_30
Alex,020606,stand,30,Alex_30
Alex,020606,done,30,Alex_30
Alex,020606,coke,30,Alex_30
Alex,020606,doll,30,Alex_30
Alex,020606,glue,30,Alex_30
Alex,020606,smile,30,Alex_30
Alex,020606,goes,30,Alex_30
Alex,020606,bad,30,Alex_30
Alex,020606,had,30,Alex_30
Alex,020620,beach,30,Alex_30
Alex,020620,sad,30,Alex_30
Alex,020620,tastes,30,Alex_30
Alex,020620,sleep,30,Alex_30
Alex,020620,doing,30,Alex_30
Alex,020620,find,30,Alex_30
Alex,020620,how'd,30,Alex_30
Alex,020620,lunch,30,Alex_30
Alex,020620,full,30,Alex_30
Alex,020620,swim,30,Alex_30
Alex,020620,woods,30,Alex_30
Alex,020620,swam,30,Alex_30
Alex,020620,pea,30,Alex_30
Alex,020620,sun,30,Alex_30
Alex,020620,clock,30,Alex_30
Alex,020620,will,30,Alex_30
Lily,010102,duckie,13,Lily_13
Lily,010102,yes,13,Lily_13
Lily,010117,duck,13,Lily_13
Lily,010117,moon,13,Lily_13
Lily,010117,hi,13,Lily_13
Lily,010117,cow,13,Lily_13
Lily,010117,dog,13,Lily_13
Lily,010202,ball,14,Lily_14
Lily,010202,eye,14,Lily_14
Lily,010423,bee,16,Lily_16
Lily,010508,no,17,Lily_17
Lily,010508,woof,17,Lily_17
Lily,010611,moo,18,Lily_18
Lily,010117,mommy,13,Lily_13
Lily,010618,that,18,Lily_18
Lily,010618,stuck,18,Lily_18
Lily,010618,a,18,Lily_18
Lily,010618,bye,18,Lily_18
Lily,010701,blue,19,Lily_19
Lily,010701,shoe,19,Lily_19
Lily,010701,book,19,Lily_19
Lily,010701,boat,19,Lily_19
Lily,010719,clock,19,Lily_19
Lily,010719,baa,19,Lily_19
Lily,010719,pea,19,Lily_19
Lily,010719,sun,19,Lily_19
Lily,010719,big,19,Lily_19
Lily,010719,toe,19,Lily_19
Lily,010719,black,19,Lily_19
Lily,010719,byebye,19,Lily_19
Lily,010719,food,19,Lily_19
Lily,010719,bug,19,Lily_19
Lily,010719,moose,19,Lily_19
Lily,010719,hat,19,Lily_19
Lily,010719,cake,19,Lily_19
Lily,010719,sit,19,Lily_19
Lily,010719,shh,19,Lily_19
Lily,010719,kick,19,Lily_19
Lily,010719,is,19,Lily_19
Lily,010803,key,20,Lily_20
Lily,010803,bean,20,Lily_20
Lily,010803,cup,20,Lily_20
Lily,010803,box,20,Lily_20
Lily,010803,choo+choo,20,Lily_20
Lily,010803,chalk,20,Lily_20
Lily,010803,hot,20,Lily_20
Lily,010803,bead,20,Lily_20
Lily,010803,ow,20,Lily_20
Lily,010803,up,20,Lily_20
Lily,010803,cheese,20,Lily_20
Lily,010803,she,20,Lily_20
Lily,010803,and,20,Lily_20
Lily,010803,with,20,Lily_20
Lily,010803,kiss,20,Lily_20
Lily,010814,toast,20,Lily_20
Lily,010814,block,20,Lily_20
Lily,010814,cook,20,Lily_20
Lily,010814,mouse,20,Lily_20
Lily,010814,snow,20,Lily_20
Lily,010814,on,20,Lily_20
Lily,010814,foot,20,Lily_20
Lily,010814,knee,20,Lily_20
Lily,010814,boo+boo,20,Lily_20
Lily,010814,eat,20,Lily_20
Lily,010814,teeth,20,Lily_20
Lily,010814,coat,20,Lily_20
Lily,010814,sock,20,Lily_20
Lily,010814,shake,20,Lily_20
Lily,010814,pig,20,Lily_20
Lily,010827,egg,20,Lily_20
Lily,010827,hand,20,Lily_20
Lily,010827,beach,20,Lily_20
Lily,010827,choo,20,Lily_20
Lily,010827,splash,20,Lily_20
Lily,010827,stick,20,Lily_20
Lily,010827,sad,20,Lily_20
Lily,010827,in,20,Lily_20
Lily,010827,sky,20,Lily_20
Lily,010827,clown,20,Lily_20
Lily,010827,spoon,20,Lily_20
Lily,010827,nose,20,Lily_20
Lily,010827,his,20,Lily_20
Lily,010827,boy,20,Lily_20
Lily,010827,mice,20,Lily_20
Lily,010827,catch,20,Lily_20
Lily,010827,home,20,Lily_20
Lily,010827,bed,20,Lily_20
Lily,010827,car,20,Lily_20
Lily,010827,mop,20,Lily_20
Lily,010827,bat,20,Lily_20
Lily,010827,see,20,Lily_20
Lily,010827,white,20,Lily_20
Lily,010912,plant,21,Lily_21
Lily,010912,lamp,21,Lily_21
Lily,010912,glove,21,Lily_21
Lily,010912,bus,21,Lily_21
Lily,010912,juice,21,Lily_21
Lily,010912,flag,21,Lily_21
Lily,010912,holds,21,Lily_21
Lily,010912,skates,21,Lily_21
Lily,010912,night,21,Lily_21
Lily,010912,stop,21,Lily_21
Lily,010912,sleep,21,Lily_21
Lily,010912,too,21,Lily_21
Lily,010912,eats,21,Lily_21
Lily,010912,all,21,Lily_21
Lily,010912,play,21,Lily_21
Lily,010925,done,21,Lily_21
Lily,010925,got,21,Lily_21
Lily,010925,say,21,Lily_21
Lily,010925,cute,21,Lily_21
Lily,010925,off,21,Lily_21
Lily,010925,find,21,Lily_21
Lily,010925,it,21,Lily_21
Lily,010925,this,21,Lily_21
Lily,010925,out,21,Lily_21
Lily,010925,do,21,Lily_21
Lily,010925,you,21,Lily_21
Lily,010925,lunch,21,Lily_21
Lily,010925,walk,21,Lily_21
Lily,010925,house,21,Lily_21
Lily,010925,then,21,Lily_21
Lily,010925,ouch,21,Lily_21
Lily,010925,not,21,Lily_21
Lily,010925,nice,21,Lily_21
Lily,010925,milk,21,Lily_21
Lily,010925,go,21,Lily_21
Lily,011009,get,22,Lily_22
Lily,011009,the,22,Lily_22
Lily,011009,down,22,Lily_22
Lily,011009,long,22,Lily_22
Lily,011009,bath,22,Lily_22
Lily,011009,head,22,Lily_22
Lily,011009,doll,22,Lily_22
Lily,011009,has,22,Lily_22
Lily,011009,mouth,22,Lily_22
Lily,011009,an,22,Lily_22
Lily,011009,pen,22,Lily_22
Lily,011009,man,22,Lily_22
Lily,011009,now,22,Lily_22
Lily,011009,how,22,Lily_22
Lily,011009,cloud,22,Lily_22
Lily,011009,fall,22,Lily_22
Lily,011022,my,22,Lily_22
Lily,011022,cold,22,Lily_22
Lily,011022,hide,22,Lily_22
Lily,011022,good,22,Lily_22
Lily,011022,look,22,Lily_22
Lily,011022,fell,22,Lily_22
Lily,011022,goes,22,Lily_22
Lily,011022,him,22,Lily_22
Lily,011022,goose,22,Lily_22
Lily,011022,new,22,Lily_22
Lily,011022,please,22,Lily_22
Lily,011022,ice,22,Lily_22
Lily,011022,they,22,Lily_22
Lily,011022,high,22,Lily_22
Lily,011022,buy,22,Lily_22
Lily,011022,some,22,Lily_22
Lily,011107,what,23,Lily_23
Lily,011107,wash,23,Lily_23
Lily,011107,think,23,Lily_23
Lily,011107,he's,23,Lily_23
Lily,011107,bib,23,Lily_23
Lily,011107,dad,23,Lily_23
Lily,011107,he,23,Lily_23
Lily,011107,makes,23,Lily_23
Lily,011107,sing,23,Lily_23
Lily,011107,sled,23,Lily_23
Lily,011107,ant,23,Lily_23
Lily,011107,found,23,Lily_23
Lily,011107,quack,23,Lily_23
Lily,011107,spilt,23,Lily_23
Lily,011107,spilled,23,Lily_23
Lily,011126,these,23,Lily_23
Lily,011126,us,23,Lily_23
Lily,011126,spill,23,Lily_23
Lily,011126,need,23,Lily_23
Lily,011126,couch,23,Lily_23
Lily,011126,does,23,Lily_23
Lily,011126,aunt,23,Lily_23
Lily,011126,says,23,Lily_23
Lily,011126,sheep,23,Lily_23
Lily,011126,meow,23,Lily_23
Lily,011126,cock_a_doodle_doo,23,Lily_23
Lily,011126,swim,23,Lily_23
Lily,011126,who,23,Lily_23
Lily,011126,take,23,Lily_23
Lily,011126,bad,23,Lily_23
Lily,011126,have,23,Lily_23
Lily,011126,sat,23,Lily_23
Lily,011126,love,23,Lily_23
Lily,011126,am,23,Lily_23
Lily,011126,at,23,Lily_23
Lily,011126,pick,23,Lily_23
Lily,011126,each,23,Lily_23
Lily,011126,so,23,Lily_23
Lily,011126,to,23,Lily_23
Lily,020004,fix,24,Lily_24
Lily,020004,snack,24,Lily_24
Lily,020004,yum,24,Lily_24
Lily,020004,bowl,24,Lily_24
Lily,020004,of,24,Lily_24
Lily,020004,going,24,Lily_24
Lily,020004,help,24,Lily_24
Lily,020004,hold,24,Lily_24
Lily,020004,did,24,Lily_24
Lily,020004,them,24,Lily_24
Lily,020004,saw,24,Lily_24
Lily,020004,wolf,24,Lily_24
Lily,020011,knife,24,Lily_24
Lily,020011,close,24,Lily_24
Lily,020011,quiet,24,Lily_24
Lily,020011,be,24,Lily_24
Lily,020011,loves,24,Lily_24
Lily,020011,doing,24,Lily_24
Lily,020011,build,24,Lily_24
Lily,020011,put,24,Lily_24
Lily,020011,wind,24,Lily_24
Lily,020011,coke,24,Lily_24
Lily,020011,lion,24,Lily_24
Lily,020011,fast,24,Lily_24
Lily,020011,zoo,24,Lily_24
Lily,020011,school,24,Lily_24
Lily,020011,sick,24,Lily_24
Lily,020023,cut,24,Lily_24
Lily,020023,mine,24,Lily_24
Lily,020023,me,24,Lily_24
Lily,020023,skate,24,Lily_24
Lily,020023,wait,24,Lily_24
Lily,020023,old,24,Lily_24
Lily,020023,owl,24,Lily_24
Lily,020023,she's,24,Lily_24
Lily,020101,was,25,Lily_25
Lily,020101,dance,25,Lily_25
Lily,020101,leg,25,Lily_25
Lily,020101,what's,25,Lily_25
Lily,011009,face,22,Lily_22
Lily,020101,belt,25,Lily_25
Lily,020101,got_to,25,Lily_25
Lily,020101,blow,25,Lily_25
Lily,020101,we,25,Lily_25
Lily,020108,glue,25,Lily_25
Lily,020108,plays,25,Lily_25
Lily,020108,playing,25,Lily_25
Lily,020108,tongue,25,Lily_25
Lily,020115,thinks,25,Lily_25
Lily,020115,made,25,Lily_25
Lily,020115,had,25,Lily_25
Lily,020115,make,25,Lily_25
Lily,020115,same,25,Lily_25
Lily,020115,mad,25,Lily_25
Lily,020115,buying,25,Lily_25
Lily,020115,why,25,Lily_25
Lily,020115,give,25,Lily_25
Lily,020115,gets,25,Lily_25
Lily,020115,if,25,Lily_25
Lily,020115,said,25,Lily_25
Lily,020115,touch,25,Lily_25
Lily,020123,needs,25,Lily_25
Lily,020123,tape,25,Lily_25
Lily,020123,wake,25,Lily_25
Lily,020123,day,25,Lily_25
Lily,020123,time,25,Lily_25
Lily,020201,bought,26,Lily_26
Lily,020201,went,26,Lily_26
Lily,020201,dump,26,Lily_26
Lily,020201,stand,26,Lily_26
Lily,020215a,chip,26,Lily_26
Lily,020215a,towel,26,Lily_26
Lily,020215a,ate,26,Lily_26
Lily,020215b,nap,26,Lily_26
Lily,020215b,would,26,Lily_26
Lily,020215b,woke,26,Lily_26
Lily,020215b,looks,26,Lily_26
Lily,020215b,those,26,Lily_26
Lily,020215b,push,26,Lily_26
Lily,020227,pull,26,Lily_26
Lily,020227,climb,26,Lily_26
Lily,020227,last,26,Lily_26
Lily,020227,lick,26,Lily_26
Lily,020305,jump,27,Lily_27
Lily,020305,stay,27,Lily_27
Lily,020305,show,27,Lily_27
Lily,020305,sees,27,Lily_27
Lily,020317,slow,27,Lily_27
Lily,020317,washed,27,Lily_27
Lily,020317,jumped,27,Lily_27
Lily,011107,dish,23,Lily_23
Lily,020317,wasn't,27,Lily_27
Lily,020317,plate,27,Lily_27
Lily,020317,fit,27,Lily_27
Lily,020317,hug,27,Lily_27
Lily,020317,but,27,Lily_27
Lily,020402,glass,28,Lily_28
Lily,020402,will,28,Lily_28
Lily,020402,full,28,Lily_28
Lily,020409,sings,28,Lily_28
Lily,020409,snowed,28,Lily_28
Lily,020409,life+jackets,28,Lily_28
Lily,020409,didn't,28,Lily_28
Lily,020416,blew,28,Lily_28
Lily,020416,sweep,28,Lily_28
Lily,020416,taste,28,Lily_28
Lily,020416,blowing,28,Lily_28
Lily,020416,could,28,Lily_28
Lily,020428,stone,28,Lily_28
Lily,020428,gave,28,Lily_28
Lily,020428,waked,28,Lily_28
Lily,020115,gonna,25,Lily_25
Lily,020115,because,25,Lily_25
Lily,020428,bump,28,Lily_28
Lily,020506,picked,29,Lily_29
Lily,020506,closed,29,Lily_29
Lily,020518,kissed,29,Lily_29
Lily,020518,much,29,Lily_29
Lily,020518,falled,29,Lily_29
Lily,020526,loud,29,Lily_29
Lily,020526,thought,29,Lily_29
Lily,020526,swims,29,Lily_29
Lily,020604,jumps,30,Lily_30
Lily,020604,danced,30,Lily_30
Lily,020604,pool,30,Lily_30
Lily,020612,slept,30,Lily_30
Lily,020612,knock,30,Lily_30
Lily,020612,lip,30,Lily_30
Lily,020612,took,30,Lily_30
Lily,020618,bumped,30,Lily_30
Lily,020623,tastes,30,Lily_30
Lily,020623,tooth,30,Lily_30
Violet,010200,go,14,Violet_14
Violet,010200,hi,14,Violet_14
Violet,010420,no,16,Violet_16
Violet,010420,up,16,Violet_16
Violet,010420,moo,16,Violet_16
Violet,010503,this,17,Violet_17
Violet,010603,duck,18,Violet_18
Violet,010618,do,18,Violet_18
Violet,010618,what's,18,Violet_18
Violet,010618,that,18,Violet_18
Violet,010618,did,18,Violet_18
Violet,010618,it,18,Violet_18
Violet,010618,meow,18,Violet_18
Violet,010704,book,19,Violet_19
Violet,010704,too,19,Violet_19
Violet,010704,big,19,Violet_19
Violet,010704,sit,19,Violet_19
Violet,010704,cake,19,Violet_19
Violet,010704,and,19,Violet_19
Violet,010704,me,19,Violet_19
Violet,010722,day,19,Violet_19
Violet,010722,a,19,Violet_19
Violet,010722,head,19,Violet_19
Violet,010722,play,19,Violet_19
Violet,010722,you,19,Violet_19
Violet,010722,to,19,Violet_19
Violet,010420,mommy,16,Violet_16
Violet,010722,shoe,19,Violet_19
Violet,010722,zoo,19,Violet_19
Violet,010722,foot,19,Violet_19
Violet,010805,sweep,20,Violet_20
Violet,010805,done,20,Violet_20
Violet,010805,mop,20,Violet_20
Violet,010805,eye,20,Violet_20
Violet,010805,house,20,Violet_20
Violet,010805,pick,20,Violet_20
Violet,010822,yes,20,Violet_20
Violet,010822,ice,20,Violet_20
Violet,010822,in,20,Violet_20
Violet,010822,the,20,Violet_20
Violet,010822,dog,20,Violet_20
Violet,010822,car,20,Violet_20
Violet,010907,egg,21,Violet_21
Violet,010907,how,21,Violet_21
Violet,010907,clown,21,Violet_21
Violet,010907,ball,21,Violet_21
Violet,010907,out,21,Violet_21
Violet,010907,some,21,Violet_21
Violet,010907,black,21,Violet_21
Violet,010907,blue,21,Violet_21
Violet,010907,box,21,Violet_21
Violet,010907,new,21,Violet_21
Violet,010907,is,21,Violet_21
Violet,010907,bye,21,Violet_21
Violet,010907,love,21,Violet_21
Violet,010907,who,21,Violet_21
Violet,010907,peekaboo,21,Violet_21
Violet,010907,down,21,Violet_21
Violet,010907,pool,21,Violet_21
Violet,010907,hose,21,Violet_21
Violet,010907,see,21,Violet_21
Violet,010907,what,21,Violet_21
Violet,010907,clock,21,Violet_21
Violet,010907,look,21,Violet_21
Violet,010907,at,21,Violet_21
Violet,010907,of,21,Violet_21
Violet,010907,tights,21,Violet_21
Violet,010907,these,21,Violet_21
Violet,010907,men,21,Violet_21
Violet,010907,flag,21,Violet_21
Violet,010907,nice,21,Violet_21
Violet,010907,my,21,Violet_21
Violet,010925,goes,21,Violet_21
Violet,010925,help,21,Violet_21
Violet,010925,take,21,Violet_21
Violet,010925,off,21,Violet_21
Violet,010925,mouse,21,Violet_21
Violet,010925,lion,21,Violet_21
Violet,010925,cow,21,Violet_21
Violet,010925,lamb,21,Violet_21
Violet,010925,cock_a_doodle,21,Violet_21
Violet,010925,quack,21,Violet_21
Violet,010925,baa,21,Violet_21
Violet,010925,pig,21,Violet_21
Violet,010925,white,21,Violet_21
Violet,010925,he,21,Violet_21
Violet,011012,have,22,Violet_22
Violet,011012,hat,22,Violet_22
Violet,011012,with,22,Violet_22
Violet,011012,on,22,Violet_22
Violet,011012,couch,22,Violet_22
Violet,011012,climb,22,Violet_22
Violet,011012,we,22,Violet_22
Violet,011012,mine,22,Violet_22
Violet,011012,put,22,Violet_22
Violet,011012,home,22,Violet_22
Violet,011012,got,22,Violet_22
Violet,011012,chin,22,Violet_22
Violet,011012,blow,22,Violet_22
Violet,011027,those,22,Violet_22
Violet,011027,bean,22,Violet_22
Violet,011027,moon,22,Violet_22
Violet,011027,bug,22,Violet_22
Violet,011027,cup,22,Violet_22
Violet,011027,an,22,Violet_22
Violet,011027,get,22,Violet_22
Violet,011027,looks,22,Violet_22
Violet,011027,none,22,Violet_22
Violet,011027,bat,22,Violet_22
Violet,011027,good,22,Violet_22
Violet,011027,high,22,Violet_22
Violet,011027,sky,22,Violet_22
Violet,011027,had,22,Violet_22
Violet,011027,he's,22,Violet_22
Violet,011027,beach,22,Violet_22
Violet,011027,snow,22,Violet_22
Violet,011027,went,22,Violet_22
Violet,011027,pea,22,Violet_22
Violet,011027,hot,22,Violet_22
Violet,011027,now,22,Violet_22
Violet,011027,toe,22,Violet_22
Violet,011027,them,22,Violet_22
Violet,011027,not,22,Violet_22
Violet,011027,sock,22,Violet_22
Violet,011027,ate,22,Violet_22
Violet,011027,juice,22,Violet_22
Violet,011027,eat,22,Violet_22
Violet,011027,all,22,Violet_22
Violet,011027,time,22,Violet_22
Violet,011027,hide,22,Violet_22
Violet,011027,make,22,Violet_22
Violet,011027,byebye,22,Violet_22
Violet,011115,nose,23,Violet_23
Violet,011115,give,23,Violet_23
Violet,011115,going,23,Violet_23
Violet,011115,ya,23,Violet_23
Violet,011115,think,23,Violet_23
Violet,011115,hand,23,Violet_23
Violet,011115,made,23,Violet_23
Violet,011115,has,23,Violet_23
Violet,011115,sing,23,Violet_23
Violet,011115,sings,23,Violet_23
Violet,011115,playing,23,Violet_23
Violet,011115,old,23,Violet_23
Violet,011128,boy,23,Violet_23
Violet,011128,they,23,Violet_23
Violet,011128,tongue,23,Violet_23
Violet,011128,fix,23,Violet_23
Violet,011128,bath,23,Violet_23
Violet,011128,leg,23,Violet_23
Violet,011128,catch,23,Violet_23
Violet,011128,him,23,Violet_23
Violet,011128,pen,23,Violet_23
Violet,011128,cat,23,Violet_23
Violet,010805,kitty,20,Violet_20
Violet,011128,but,23,Violet_23
Violet,011128,tape,23,Violet_23
Violet,020013,hold,24,Violet_24
Violet,020013,taste,24,Violet_24
Violet,020013,i've,24,Violet_24
Violet,020013,pull,24,Violet_24
Violet,020013,cheese,24,Violet_24
Violet,020013,bus,24,Violet_24
Violet,020013,hug,24,Violet_24
Violet,020013,says,24,Violet_24
Violet,020013,teeth,24,Violet_24
Violet,020013,talked,24,Violet_24
Violet,020027,be,24,Violet_24
Violet,020027,didn't,24,Violet_24
Violet,020027,looked,24,Violet_24
Violet,020027,owl,24,Violet_24
Violet,020027,show,24,Violet_24
Violet,020027,walk,24,Violet_24
Violet,020027,am,24,Violet_24
Violet,020027,please,24,Violet_24
Violet,020027,staying,24,Violet_24
Violet,020027,boat,24,Violet_24
Violet,020027,stuck,24,Violet_24
Violet,020110,does,25,Violet_25
Violet,020110,caught,25,Violet_25
Violet,020110,doing,25,Violet_25
Violet,020110,sick,25,Violet_25
Violet,020110,then,25,Violet_25
Violet,020110,will,25,Violet_25
Violet,020110,pulled,25,Violet_25
Violet,020110,chip,25,Violet_25
Violet,020110,dad,25,Violet_25
Violet,020110,said,25,Violet_25
Violet,020110,fell,25,Violet_25
Violet,020110,fits,25,Violet_25
Violet,020110,close,25,Violet_25
Violet,020110,could,25,Violet_25
Violet,020110,fit,25,Violet_25
Violet,020110,by,25,Violet_25
Violet,020110,was,25,Violet_25
Violet,020110,so,25,Violet_25
Violet,020110,fast,25,Violet_25
Violet,020110,sun,25,Violet_25
Violet,020119,milk,25,Violet_25
Violet,020119,stove,25,Violet_25
Violet,020119,wake,25,Violet_25
Violet,020119,took,25,Violet_25
Violet,020119,his,25,Violet_25
Violet,020119,cute,25,Violet_25
Violet,020119,block,25,Violet_25
Violet,020119,snowman,25,Violet_25
Violet,020119,bed,25,Violet_25
Violet,020119,stick,25,Violet_25
Violet,020211,you'll,26,Violet_26
Violet,020027,because,24,Violet_24
Violet,020211,cut,26,Violet_26
Violet,020211,buy,26,Violet_26
Violet,020211,quiet,26,Violet_26
Violet,020211,wished,26,Violet_26
Violet,020211,find,26,Violet_26
Violet,020211,closed,26,Violet_26
Violet,020211,needs,26,Violet_26
Violet,020211,say,26,Violet_26
Violet,020211,sleep,26,Violet_26
Violet,020211,jumped,26,Violet_26
Violet,020211,wipe,26,Violet_26
Violet,020211,knock,26,Violet_26
Violet,020211,washed,26,Violet_26
Violet,020211,goose,26,Violet_26
Violet,020305,found,27,Violet_27
Violet,020305,maked,27,Violet_27
Violet,020305,she,27,Violet_27
Violet,020305,you've,27,Violet_27
Violet,020305,wait,27,Violet_27
Violet,020305,bump,27,Violet_27
Violet,020305,ouch,27,Violet_27
Violet,020305,ow,27,Violet_27
Violet,020305,mice,27,Violet_27
Violet,020305,fine,27,Violet_27
Violet,020312,glue,27,Violet_27
Violet,020312,skate,27,Violet_27
Violet,020312,skates,27,Violet_27
Violet,020312,bee,27,Violet_27
Violet,020319,game,27,Violet_27
Violet,020319,cold,27,Violet_27
Violet,020319,snowing,27,Violet_27
Violet,020319,she's,27,Violet_27
Violet,020319,face,27,Violet_27
Violet,020501,gets,29,Violet_29
Violet,020501,need,29,Violet_29
Violet,020501,long,29,Violet_29
Violet,020501,lamp,29,Violet_29
Violet,020501,glass,29,Violet_29
Violet,020501,hen,29,Violet_29
Violet,020501,last,29,Violet_29
Violet,020501,swim,29,Violet_29
Violet,020515,glued,29,Violet_29
Violet,020515,eats,29,Violet_29
Violet,020515,cloud,29,Violet_29
Violet,020515,why,29,Violet_29
Violet,020515,bumps,29,Violet_29
Violet,020515,stand,29,Violet_29
Violet,020515,kiss,29,Violet_29
Violet,020515,sheep,29,Violet_29
Violet,020515,ups,29,Violet_29
Violet,020515,hides,29,Violet_29
Violet,020515,would,29,Violet_29
Violet,020515,ant,29,Violet_29
Violet,020527,helps,29,Violet_29
Violet,020527,push,29,Violet_29
Violet,020527,sees,29,Violet_29
Violet,020527,bowl,29,Violet_29
Violet,020527,bite,29,Violet_29
Violet,020527,gave,29,Violet_29
Violet,020527,walks,29,Violet_29
Violet,020527,night,29,Violet_29
Violet,020527,us,29,Violet_29
Violet,020527,lip,29,Violet_29
Violet,020527,same,29,Violet_29
Violet,020527,cheek,29,Violet_29
Violet,020527,seen,29,Violet_29
Violet,010722,happy,19,Violet_19
Violet,020527,clap,29,Violet_29
Violet,020527,if,29,Violet_29
Violet,020527,tastes,29,Violet_29
Violet,020305,behind,27,Violet_27
Violet,020616,cook,30,Violet_30
Violet,020616,gone,30,Violet_30
Violet,020616,wind,30,Violet_30
Violet,020616,loves,30,Violet_30
Violet,020616,jump,30,Violet_30
Violet,020616,picked,30,Violet_30
Violet,020616,plays,30,Violet_30
Violet,010805,people,20,Violet_20
Violet,020616,mad,30,Violet_30
Violet,020616,ain't,30,Violet_30
Violet,020616,kick,30,Violet_30
Violet,020616,school,30,Violet_30
Violet,020616,much,30,Violet_30
Violet,020616,played,30,Violet_30
Violet,020627,toast,30,Violet_30
William,010412,ball,16,William_16
William,010412,up,16,William_16
William,010412,that,16,William_16
William,010412,a,16,William_16
William,010412,moon,16,William_16
William,010412,quack,16,William_16
William,010412,car,16,William_16
William,010412,the,16,William_16
William,010412,duck,16,William_16
William,010412,sky,16,William_16
William,010412,boat,16,William_16
William,010412,eye,16,William_16
William,010412,sing,16,William_16
William,010412,foot,16,William_16
William,010412,look,16,William_16
William,010412,cup,16,William_16
William,010412,sit,16,William_16
William,010412,hat,16,William_16
William,010412,hot,16,William_16
William,010412,yes,16,William_16
William,010412,woof,16,William_16
William,010412,lion,16,William_16
William,010412,house,16,William_16
William,010427,cold,16,William_16
William,010427,cheese,16,William_16
William,010427,my,16,William_16
William,010427,go,16,William_16
William,010427,this,16,William_16
William,010427,book,16,William_16
William,010427,no,16,William_16
William,010427,bye,16,William_16
William,010605,nose,18,William_18
William,010605,all,18,William_18
William,010605,done,18,William_18
William,010605,toe,18,William_18
William,010605,towel,18,William_18
William,010605,key,18,William_18
William,010605,bus,18,William_18
William,010605,cow,18,William_18
William,010605,what,18,William_18
William,010605,do,18,William_18
William,010605,it,18,William_18
William,010605,is,18,William_18
William,010605,moo,18,William_18
William,010605,off,18,William_18
William,010605,see,18,William_18
William,010605,hi,18,William_18
William,010619,byebye,18,William_18
William,010619,touch,18,William_18
William,010619,blue,18,William_18
William,010619,how,18,William_18
William,010619,you,18,William_18
William,010619,have,18,William_18
William,010619,good,18,William_18
William,010619,day,18,William_18
William,010619,bump,18,William_18
William,010619,gone,18,William_18
William,010619,clock,18,William_18
William,010619,clap,18,William_18
William,010619,knee,18,William_18
William,010708,push,19,William_19
William,010708,got,19,William_19
William,010708,me,19,William_19
William,010708,down,19,William_19
William,010708,dance,19,William_19
William,010708,dog,19,William_19
William,010708,choo,19,William_19
William,010708,meow,19,William_19
William,010708,kick,19,William_19
William,010708,egg,19,William_19
William,010708,cloud,19,William_19
William,010708,swim,19,William_19
William,010708,ouch,19,William_19
William,010708,hand,19,William_19
William,010412,mommy,16,William_16
William,010718,coat,19,William_19
William,010718,stuck,19,William_19
William,010718,school,19,William_19
William,010718,and,19,William_19
William,010718,hug,19,William_19
William,010802,catch,20,William_20
William,010802,an,20,William_20
William,010802,sick,20,William_20
William,010802,wake,20,William_20
William,010802,not,20,William_20
William,010802,on,20,William_20
William,010802,beach,20,William_20
William,010802,choo+choo,20,William_20
William,010802,sheep,20,William_20
William,010802,fall,20,William_20
William,010802,find,20,William_20
William,010802,those,20,William_20
William,010802,soft,20,William_20
William,010802,stop,20,William_20
William,010802,play,20,William_20
William,010802,with,20,William_20
William,010814,sock,20,William_20
William,010814,slow,20,William_20
William,010814,fix,20,William_20
William,010814,ow,20,William_20
William,010814,clown,20,William_20
William,010814,was,20,William_20
William,010814,big,20,William_20
William,010814,get,20,William_20
William,010814,him,20,William_20
William,010814,say,20,William_20
William,010814,new,20,William_20
William,010814,we,20,William_20
William,010814,need,20,William_20
William,010814,pool,20,William_20
William,010814,spoon,20,William_20
William,010814,bed,20,William_20
William,010814,couch,20,William_20
William,010814,pull,20,William_20
William,010814,why,20,William_20
William,010814,now,20,William_20
William,010814,by,20,William_20
William,010814,she,20,William_20
William,010814,bath,20,William_20
William,010814,bee,20,William_20
William,010814,mine,20,William_20
William,010814,at,20,William_20
William,010829,juice,20,William_20
William,010912,lunch,21,William_21
William,010912,cut,21,William_21
William,010912,some,21,William_21
William,010912,love,21,William_21
William,010912,time,21,William_21
William,010912,doing,21,William_21
William,010912,jump,21,William_21
William,010912,salt,21,William_21
William,010912,bite,21,William_21
William,010912,full,21,William_21
William,010912,bat,21,William_21
William,010912,sun,21,William_21
William,010927,please,21,William_21
William,010927,put,21,William_21
William,010927,eat,21,William_21
William,010927,high,21,William_21
William,010927,pick,21,William_21
William,010927,of,21,William_21
William,010927,pig,21,William_21
William,011012,milk,22,William_22
William,011012,hold,22,William_22
William,011012,take,22,William_22
William,011012,sleep,22,William_22
William,011012,night,22,William_22
William,011012,kiss,22,William_22
William,011012,head,22,William_22
William,011012,in,22,William_22
William,011012,home,22,William_22
William,011012,lamb,22,William_22
William,011012,them,22,William_22
William,011012,boy,22,William_22
William,011012,talk,22,William_22
William,011012,goes,22,William_22
William,011100,mouse,23,William_23
William,011100,show,23,William_23
William,011100,soup,23,William_23
William,011100,bowl,23,William_23
William,011100,shh,23,William_23
William,011100,made,23,William_23
William,011100,help,23,William_23
William,011115,what's,23,William_23
William,011115,dad,23,William_23
William,011115,ice,23,William_23
William,011115,did,23,William_23
William,011115,saw,23,William_23
William,020028,shoe,24,William_24
William,020028,to,24,William_24
William,020028,box,24,William_24
William,020109,bad,25,William_25
William,020109,dump,25,William_25
William,020127,teeth,25,William_25
William,020127,these,25,William_25
William,020127,tongue,25,William_25
William,020127,he,25,William_25
William,020127,make,25,William_25
William,020127,who,25,William_25
William,020127,black,25,William_25
William,020127,going,25,William_25
William,020127,face,25,William_25
William,020209,ate,26,William_26
William,020209,food,26,William_26
William,020209,am,26,William_26
William,020209,man,26,William_26
William,020221,kicked,26,William_26
William,020221,stick,26,William_26
William,020221,be,26,William_26
William,020307,sweep,27,William_27
William,020307,climbed,27,William_27
William,020307,washed,27,William_27
William,020109,out,25,William_25
William,020307,cheek,27,William_27
William,020307,lip,27,William_27
William,020307,chin,27,William_27
William,020319,boo+boo,27,William_27
William,020319,he's,27,William_27
William,020319,staying,27,William_27
William,020319,hide,27,William_27
William,020319,wait,27,William_27
William,020319,too,27,William_27
William,020319,much,27,William_27
William,020319,had,27,William_27
William,020403,wash,28,William_28
William,020403,it's,28,William_28
William,020403,played,28,William_28
William,020403,hit,28,William_28
William,020403,close,28,William_28
William,020403,went,28,William_28
William,020403,white,28,William_28
William,020403,then,28,William_28
William,020403,cake,28,William_28
William,020403,will,28,William_28
William,020403,nice,28,William_28
William,020416,closed,28,William_28
William,020416,so,28,William_28
William,020416,loves,28,William_28
William,020416,stay,28,William_28
William,020416,playing,28,William_28
William,020500,found,29,William_29
William,020500,fast,29,William_29
William,020516,leg,29,William_29
William,020516,fit,29,William_29
William,020516,they,29,William_29
William,020516,been,29,William_29
William,020516,snow,29,William_29
William,020516,give,29,William_29
William,020516,toast,29,William_29
William,020529,nap,29,William_29
William,020612,shake,30,William_30
William,020612,because,30,William_30
William,020612,finds,30,William_30
William,020612,snowing,30,William_30
William,020612,fell,30,William_30
William,020612,seeing,30,William_30
William,020416,myself,28,William_28
William,020626,feed,30,William_30
William,020626,how'd,30,William_30
Naima,001126,down,11,Naima_11
Naima,001126,yes,11,Naima_11
Naima,001126,moo,11,Naima_11
Naima,001126,eat,11,Naima_11
Naima,001126,good,11,Naima_11
Naima,010014,car,12,Naima_12
Naima,010026,bug,12,Naima_12
Naima,010026,baa,12,Naima_12
Naima,010026,nose,12,Naima_12
Naima,010026,boy,12,Naima_12
Naima,010026,moon,12,Naima_12
Naima,010026,go,12,Naima_12
Naima,010026,block,12,Naima_12
Naima,010026,toe,12,Naima_12
Naima,010026,milk,12,Naima_12
Naima,010026,byebye,12,Naima_12
Naima,010111,a,13,Naima_13
Naima,010111,the,13,Naima_13
Naima,010111,went,13,Naima_13
Naima,010111,ball,13,Naima_13
Naima,010111,it,13,Naima_13
Naima,010111,meow,13,Naima_13
Naima,010124,get,13,Naima_13
Naima,010124,me,13,Naima_13
Naima,010124,day,13,Naima_13
Naima,010124,hat,13,Naima_13
Naima,010124,by,13,Naima_13
Naima,010124,bye,13,Naima_13
Naima,010207,buy,14,Naima_14
Naima,010207,book,14,Naima_14
Naima,010207,cow,14,Naima_14
Naima,010207,sheep,14,Naima_14
Naima,010207,dog,14,Naima_14
Naima,010221,eye,14,Naima_14
Naima,010221,see,14,Naima_14
Naima,010221,tooth,14,Naima_14
Naima,010221,up,14,Naima_14
Naima,010221,juice,14,Naima_14
Naima,010221,you,14,Naima_14
Naima,010221,hot,14,Naima_14
Naima,010221,bed,14,Naima_14
Naima,010221,what's,14,Naima_14
Naima,010221,that,14,Naima_14
Naima,010221,head,14,Naima_14
Naima,010221,sink,14,Naima_14
Naima,010307,stuck,15,Naima_15
Naima,010307,cheese,15,Naima_15
Naima,010307,bib,15,Naima_15
Naima,010307,cut,15,Naima_15
Naima,010307,done,15,Naima_15
Naima,010307,hi,15,Naima_15
Naima,010307,to,15,Naima_15
Naima,010307,give,15,Naima_15
Naima,010307,pick,15,Naima_15
Naima,010307,on,15,Naima_15
Naima,010307,play,15,Naima_15
Naima,010307,caught,15,Naima_15
Naima,010307,stove,15,Naima_15
Naima,010307,woof,15,Naima_15
Naima,010307,cold,15,Naima_15
Naima,010307,foot,15,Naima_15
Naima,010307,gone,15,Naima_15
Naima,010307,new,15,Naima_15
Naima,010312,glove,15,Naima_15
Naima,010312,cup,15,Naima_15
Naima,010312,clap,15,Naima_15
Naima,010312,off,15,Naima_15
Naima,010312,clown,15,Naima_15
Naima,010312,kiss,15,Naima_15
Naima,010312,catch,15,Naima_15
Naima,010312,big,15,Naima_15
Naima,010312,boat,15,Naima_15
Naima,010312,blue,15,Naima_15
Naima,010312,toast,15,Naima_15
Naima,010312,mice,15,Naima_15
Naima,010312,pig,15,Naima_15
Naima,010312,beach,15,Naima_15
Naima,010312,shoe,15,Naima_15
Naima,001126,duck,11,Naima_11
Naima,010312,quack,15,Naima_15
Naima,010312,fall,15,Naima_15
Naima,010312,hand,15,Naima_15
Naima,010312,cat,15,Naima_15
Naima,010312,soap,15,Naima_15
Naima,010312,bowl,15,Naima_15
Naima,010312,knee,15,Naima_15
Naima,010312,box,15,Naima_15
Naima,010312,doll,15,Naima_15
Naima,010312,clock,15,Naima_15
Naima,010312,stick,15,Naima_15
Naima,010312,egg,15,Naima_15
Naima,010312,with,15,Naima_15
Naima,010325,man,15,Naima_15
Naima,010325,she,15,Naima_15
Naima,010325,was,15,Naima_15
Naima,010325,old,15,Naima_15
Naima,010325,no,15,Naima_15
Naima,010325,in,15,Naima_15
Naima,010325,wash,15,Naima_15
Naima,010325,loud,15,Naima_15
Naima,010325,white,15,Naima_15
Naima,010325,slow,15,Naima_15
Naima,010325,sky,15,Naima_15
Naima,010325,need,15,Naima_15
Naima,010325,ant,15,Naima_15
Naima,010325,home,15,Naima_15
Naima,010325,mouse,15,Naima_15
Naima,010403,sock,16,Naima_16
Naima,010403,bee,16,Naima_16
Naima,010403,sit,16,Naima_16
Naima,010403,flag,16,Naima_16
Naima,010403,school,16,Naima_16
Naima,010403,out,16,Naima_16
Naima,010403,face,16,Naima_16
Naima,010403,all,16,Naima_16
Naima,010403,does,16,Naima_16
Naima,010403,this,16,Naima_16
Naima,010403,is,16,Naima_16
Naima,010403,tape,16,Naima_16
Naima,010403,knock,16,Naima_16
Naima,010403,hide,16,Naima_16
Naima,010403,doing,16,Naima_16
Naima,010410,spoon,16,Naima_16
Naima,010410,shake,16,Naima_16
Naima,010410,same,16,Naima_16
Naima,010410,talk,16,Naima_16
Naima,010410,now,16,Naima_16
Naima,010410,sauce,16,Naima_16
Naima,010410,pen,16,Naima_16
Naima,010410,knife,16,Naima_16
Naima,010410,and,16,Naima_16
Naima,010410,ate,16,Naima_16
Naima,010410,look,16,Naima_16
Naima,010410,at,16,Naima_16
Naima,010410,do,16,Naima_16
Naima,010410,plant,16,Naima_16
Naima,010410,hose,16,Naima_16
Naima,010410,those,16,Naima_16
Naima,010416,got,16,Naima_16
Naima,010416,my,16,Naima_16
Naima,010416,hold,16,Naima_16
Naima,010416,kick,16,Naima_16
Naima,010416,wipes,16,Naima_16
Naima,010416,feed,16,Naima_16
Naima,010416,going,16,Naima_16
Naima,010416,taste,16,Naima_16
Naima,010416,he,16,Naima_16
Naima,010416,cloud,16,Naima_16
Naima,010416,make,16,Naima_16
Naima,010423,have,16,Naima_16
Naima,010423,him,16,Naima_16
Naima,010423,chase,16,Naima_16
Naima,010423,sleep,16,Naima_16
Naima,010423,teeth,16,Naima_16
Naima,010423,men,16,Naima_16
Naima,010423,bite,16,Naima_16
Naima,010423,lick,16,Naima_16
Naima,010423,gave,16,Naima_16
Naima,010423,take,16,Naima_16
Naima,010423,cook,16,Naima_16
Naima,010423,find,16,Naima_16
Naima,010423,mouth,16,Naima_16
Naima,010423,has,16,Naima_16
Naima,010423,sleeps,16,Naima_16
Naima,010423,leg,16,Naima_16
Naima,010423,some,16,Naima_16
Naima,010423,key,16,Naima_16
Naima,010423,cake,16,Naima_16
Naima,010502,sing,17,Naima_17
Naima,010502,but,17,Naima_17
Naima,010502,bought,17,Naima_17
Naima,010502,night,17,Naima_17
Naima,010502,snow,17,Naima_17
Naima,010502,help,17,Naima_17
Naima,010502,black,17,Naima_17
Naima,010502,swim,17,Naima_17
Naima,010502,found,17,Naima_17
Naima,010511,playing,17,Naima_17
Naima,010511,bump,17,Naima_17
Naima,010511,goes,17,Naima_17
Naima,010511,of,17,Naima_17
Naima,010511,stop,17,Naima_17
Naima,010511,stopped,17,Naima_17
Naima,010511,walk,17,Naima_17
Naima,010511,plays,17,Naima_17
Naima,010511,hug,17,Naima_17
Naima,010511,long,17,Naima_17
Naima,010511,saying,17,Naima_17
Naima,010511,close,17,Naima_17
Naima,010511,game,17,Naima_17
Naima,010511,lion,17,Naima_17
Naima,010511,bench,17,Naima_17
Naima,010511,say,17,Naima_17
Naima,010511,bad,17,Naima_17
Naima,010524,moose,17,Naima_17
Naima,010524,house,17,Naima_17
Naima,010524,owl,17,Naima_17
Naima,010524,love,17,Naima_17
Naima,010524,peekaboo,17,Naima_17
Naima,010524,snack,17,Naima_17
Naima,010524,not,17,Naima_17
Naima,010524,food,17,Naima_17
Naima,010524,did,17,Naima_17
Naima,010524,said,17,Naima_17
Naima,010524,climb,17,Naima_17
Naima,010604,says,18,Naima_18
Naima,010604,too,18,Naima_18
Naima,010604,what,18,Naima_18
Naima,010604,buying,18,Naima_18
Naima,010604,washed,18,Naima_18
Naima,010604,saw,18,Naima_18
Naima,010604,geese,18,Naima_18
Naima,010604,push,18,Naima_18
Naima,010604,pushed,18,Naima_18
Naima,010604,stay,18,Naima_18
Naima,010609,she's,18,Naima_18
Naima,010609,plate,18,Naima_18
Naima,010609,them,18,Naima_18
Naima,010609,we,18,Naima_18
Naima,010609,lunch,18,Naima_18
Naima,010609,mine,18,Naima_18
Naima,010609,bean,18,Naima_18
Naima,010609,hit,18,Naima_18
Naima,010609,bumped,18,Naima_18
Naima,010609,sweep,18,Naima_18
Naima,010609,be,18,Naima_18
Naima,010609,towel,18,Naima_18
Naima,010609,glue,18,Naima_18
Naima,010609,glues,18,Naima_18
Naima,010609,these,18,Naima_18
Naima,010620,put,18,Naima_18
Naima,010620,so,18,Naima_18
Naima,010620,he's,18,Naima_18
Naima,010620,stays,18,Naima_18
Naima,010620,blow,18,Naima_18
Naima,010620,blowing,18,Naima_18
Naima,010620,who,18,Naima_18
Naima,010620,his,18,Naima_18
Naima,010700,didn't,19,Naima_19
Naima,010700,wind,19,Naima_19
Naima,010700,high,19,Naima_19
Naima,010700,dance,19,Naima_19
Naima,010710,they,19,Naima_19
Naima,010710,makes,19,Naima_19
Naima,010502,mommy,17,Naima_17
Naima,010710,puts,19,Naima_19
Naima,010710,had,19,Naima_19
Naima,010710,sun,19,Naima_19
Naima,010710,sits,19,Naima_19
Naima,010710,gum,19,Naima_19
Naima,010710,fed,19,Naima_19
Naima,010717,bus,19,Naima_19
Naima,010717,buys,19,Naima_19
Naima,010717,climbed,19,Naima_19
Naima,010717,sings,19,Naima_19
Naima,010717,dump,19,Naima_19
Naima,010723,stops,19,Naima_19
Naima,010723,eats,19,Naima_19
Naima,010723,show,19,Naima_19
Naima,010801,fell,20,Naima_20
Naima,010801,fix,20,Naima_20
Naima,010801,fit,20,Naima_20
Naima,010801,seen,20,Naima_20
Naima,010801,could,20,Naima_20
Naima,010801,how,20,Naima_20
Naima,010808,last,20,Naima_20
Naima,010808,wake,20,Naima_20
Naima,010808,will,20,Naima_20
Naima,010808,full,20,Naima_20
Naima,010808,what'd,20,Naima_20
Naima,010818,then,20,Naima_20
Naima,010818,wolf,20,Naima_20
Naima,010818,nice,20,Naima_20
Naima,010818,bath,20,Naima_20
Naima,010818,time,20,Naima_20
Naima,010818,much,20,Naima_20
Naima,010818,bead,20,Naima_20
Naima,010821,an,20,Naima_20
Naima,010821,looks,20,Naima_20
Naima,010821,took,20,Naima_20
Naima,010821,goose,20,Naima_20
Naima,010821,think,20,Naima_20
Naima,010821,am,20,Naima_20
Naima,010821,closed,20,Naima_20
Naima,010821,dumped,20,Naima_20
Naima,010821,jeans,20,Naima_20
Naima,010821,cheek,20,Naima_20
Naima,010821,ya,20,Naima_20
Naima,010908,stand,21,Naima_21
Naima,010910,made,21,Naima_21
Naima,010910,why,21,Naima_21
Naima,010910,wait,21,Naima_21
Naima,010910,soft,21,Naima_21
Naima,010307,cookie,15,Naima_15
Naima,010910,boo+boo,21,Naima_21
Naima,010910,if,21,Naima_21
Naima,010910,child,21,Naima_21
Naima,010910,walked,21,Naima_21
Naima,010910,would,21,Naima_21
Naima,010910,doesn't,21,Naima_21
Naima,010915,soup,21,Naima_21
Naima,010915,touched,21,Naima_21
Naima,010915,zoo,21,Naima_21
Naima,010921,us,21,Naima_21
Naima,010921,been,21,Naima_21
Naima,010921,who'll,21,Naima_21
Naima,010925,sees,21,Naima_21
Naima,010925,gets,21,Naima_21
Naima,010620,looking,18,Naima_18
Naima,010925,fits,21,Naima_21
Naima,010925,staying,21,Naima_21
Naima,010925,needs,21,Naima_21
Naima,010925,walks,21,Naima_21
Naima,011005,dad,22,Naima_22
Naima,011005,cock_a_doodle,22,Naima_22
Naima,011005,built,22,Naima_22
Naima,011005,lamb,22,Naima_22
Naima,011012,sick,22,Naima_22
Naima,011012,nap,22,Naima_22
Naima,011018,ups,22,Naima_22
Naima,011027,loved,22,Naima_22
Naima,011107,splash,23,Naima_23
Naima,010910,because,21,Naima_21
Naima,010609,gonna,18,Naima_18
Naima,010511,wanna,17,Naima_17
Naima,011107,i've,23,Naima_23
Naima,011107,got_to,23,Naima_23
Naima,011107,jump,23,Naima_23
Naima,011107,knocks,23,Naima_23
Naima,011116,jumped,23,Naima_23
Naima,011122,spilled,23,Naima_23
Naima,010511,table,17,Naima_17
Naima,011122,showing,23,Naima_23
Naima,010410,daddy,16,Naima_16
Naima,011122,knocked,23,Naima_23
Naima,011122,ice,23,Naima_23
Naima,011126,tool+box,23,Naima_23
Naima,010221,sleeping,14,Naima_14
Naima,011126,coat,23,Naima_23
Naima,011126,touch,23,Naima_23
Naima,020004,it's,24,Naima_24
Naima,020004,finds,24,Naima_24
Naima,020017,tongue,24,Naima_24
Naima,020017,toy+box,24,Naima_24
Naima,020100,please,25,Naima_25
Naima,020100,salt,25,Naima_25
Naima,020100,showed,25,Naima_25
Naima,020100,glass,25,Naima_25
Naima,020100,yum,25,Naima_25
Naima,020100,lip,25,Naima_25
Naima,020100,you'll,25,Naima_25
Naima,020110,belt,25,Naima_25
Naima,020110,hen,25,Naima_25
Naima,020116,wipe,25,Naima_25
Naima,020116,thought,25,Naima_25
Naima,020116,wasn't,25,Naima_25
Naima,010609,making,18,Naima_18
Naima,020124,played,25,Naima_25
Naima,020124,sad,25,Naima_25
Naima,020202,pool,26,Naima_26
Naima,020202,build,26,Naima_26
Naima,020202,looked,26,Naima_26
Naima,020211,stands,26,Naima_26
Naima,020217,duckie,26,Naima_26
Naima,020217,lamp,26,Naima_26
Naima,020306,it'll,27,Naima_27
Naima,020306,fast,27,Naima_27
Naima,020306,catched,27,Naima_27
Naima,020306,knock+knock,27,Naima_27
Naima,020306,being,27,Naima_27
Naima,020316,why's,27,Naima_27
Naima,020316,seeing,27,Naima_27
Naima,020316,sled,27,Naima_27
Naima,020324,mad,27,Naima_27
Naima,020324,ouch,27,Naima_27
Naima,020324,ow,27,Naima_27
Naima,020324,why'd,27,Naima_27
Naima,020324,you've,27,Naima_27
Naima,020411,thinks,28,Naima_28
Naima,020411,tastes,28,Naima_28
Naima,010502,good_night,17,Naima_17
Naima,020424,woke,28,Naima_28
Naima,020424,picked,28,Naima_28
Naima,020424,falls,28,Naima_28
Naima,020424,pea,28,Naima_28
Naima,010207,basket,14,Naima_14
Naima,020427,wouldn't,28,Naima_28
Naima,020517,cooks,29,Naima_29
Naima,020517,each,29,Naima_29
Naima,020517,loves,29,Naima_29
Naima,020518,takes,29,Naima_29
Naima,020518,pulled,29,Naima_29
Naima,020527,cooked,29,Naima_29
Naima,020527,fine,29,Naima_29
Naima,020625,swims,30,Naima_30
Alex,010427,hello,16,Alex_16
Alex,010614,uhoh,18,Alex_18
Alex,010707,baby,19,Alex_19
Alex,010726,balloon,19,Alex_19
Alex,010726,doggy,19,Alex_19
Alex,010811,bunny,20,Alex_20
Alex,010811,cookie,20,Alex_20
Alex,010811,sticky,20,Alex_20
Alex,010825,yellow,20,Alex_20
Alex,010908,away,21,Alex_21
Alex,011103,listen,23,Alex_23
Alex,011117,happy,23,Alex_23
Alex,011127,wanna,23,Alex_23
Alex,020012,candy+canes,24,Alex_24
Alex,020117,puppy,25,Alex_25
Alex,020117,daddy,25,Alex_25
Alex,020117,puzzle,25,Alex_25
Alex,020200,mommy,26,Alex_26
Alex,020314,auntie,27,Alex_27
Alex,020326,basket,27,Alex_27
Alex,020326,about,27,Alex_27
Alex,020326,let,27,Alex_27
Alex,020425,bucket,28,Alex_28
Alex,020425,smily,28,Alex_28
Alex,020425,table,28,Alex_28
Alex,020425,isn't,28,Alex_28
Alex,020425,finished,28,Alex_28
Alex,020425,glasses,28,Alex_28
Alex,020425,gonna,28,Alex_28
Alex,020509,outside,29,Alex_29
Alex,020509,dish,29,Alex_29
Alex,020509,people,29,Alex_29
Alex,020509,lady,29,Alex_29
Alex,020509,kissing,29,Alex_29
Alex,020509,potty,29,Alex_29
Alex,020523,myself,29,Alex_29
Alex,020523,any,29,Alex_29
Alex,020523,chocolate,29,Alex_29
Alex,020606,window,30,Alex_30
Alex,020606,hitting,30,Alex_30
Alex,020606,jello,30,Alex_30
Alex,020606,jelly,30,Alex_30
Alex,020606,melon,30,Alex_30
Alex,020606,pancake,30,Alex_30
Alex,020606,ankle,30,Alex_30
Alex,020606,tissue,30,Alex_30
Alex,020620,pickle,30,Alex_30
Alex,020620,sleepy,30,Alex_30
Alex,020620,jumping,30,Alex_30
Alex,020620,tv,30,Alex_30
Alex,020620,pizza,30,Alex_30
Alex,020620,money,30,Alex_30
Lily,010102,doggie,13,Lily_13
Lily,010102,daddy,13,Lily_13
Lily,010117,baby,13,Lily_13
Lily,010117,puppy,13,Lily_13
Lily,010117,teddy,13,Lily_13
Lily,010213,kitty,14,Lily_14
Lily,010508,woofy,17,Lily_17
Lily,010521,doggy,17,Lily_17
Lily,010701,cookie,19,Lily_19
Lily,010719,auntie,19,Lily_19
Lily,010719,potty,19,Lily_19
Lily,010719,kitty+cat,19,Lily_19
Lily,010719,bubbles,19,Lily_19
Lily,010719,away,19,Lily_19
Lily,010803,apple,20,Lily_20
Lily,010803,tv,20,Lily_20
Lily,010803,uhoh,20,Lily_20
Lily,010814,yellow,20,Lily_20
Lily,010814,happy,20,Lily_20
Lily,010814,ankle,20,Lily_20
Lily,010814,bunny,20,Lily_20
Lily,010814,blanky,20,Lily_20
Lily,010814,sleeping,20,Lily_20
Lily,010912,smily,21,Lily_21
Lily,010912,snowman,21,Lily_21
Lily,010912,sticky,21,Lily_21
Lily,010912,glasses,21,Lily_21
Lily,010912,yummy,21,Lily_21
Lily,010925,pillow,21,Lily_21
Lily,010925,table,21,Lily_21
Lily,010925,yucky,21,Lily_21
Lily,010925,hello,21,Lily_21
Lily,010925,coffee,21,Lily_21
Lily,010925,tickle,21,Lily_21
Lily,010925,gentle,21,Lily_21
Lily,010925,melon,21,Lily_21
Lily,010925,pickle,21,Lily_21
Lily,011009,thinking,22,Lily_22
Lily,011009,walking,22,Lily_22
Lily,011009,sitting,22,Lily_22
Lily,011009,hugging,22,Lily_22
Lily,011009,chocolate,22,Lily_22
Lily,011009,tiny,22,Lily_22
Lily,011009,pencil,22,Lily_22
Lily,011009,blanket,22,Lily_22
Lily,011009,monkey,22,Lily_22
Lily,011022,outside,22,Lily_22
Lily,011022,hiding,22,Lily_22
Lily,011022,kissing,22,Lily_22
Lily,011022,bottle,22,Lily_22
Lily,011107,necklace,23,Lily_23
Lily,011107,behind,23,Lily_23
Lily,011107,asleep,23,Lily_23
Lily,011107,soda,23,Lily_23
Lily,011107,money,23,Lily_23
Lily,011107,jelly,23,Lily_23
Lily,011107,tickles,23,Lily_23
Lily,011126,donkey,23,Lily_23
Lily,011126,good_night,23,Lily_23
Lily,011126,lollie,23,Lily_23
Lily,011126,spilling,23,Lily_23
Lily,011126,bucket,23,Lily_23
Lily,011126,mitten,23,Lily_23
Lily,011126,wanna,23,Lily_23
Lily,011126,awake,23,Lily_23
Lily,020004,puzzle,24,Lily_24
Lily,020004,window,24,Lily_24
Lily,020011,sofa,24,Lily_24
Lily,020011,pizza,24,Lily_24
Lily,020011,tickled,24,Lily_24
Lily,020011,taking,24,Lily_24
Lily,020011,about,24,Lily_24
Lily,020011,sleepy,24,Lily_24
Lily,020011,kitchen,24,Lily_24
Lily,020011,button,24,Lily_24
Lily,020011,balloon,24,Lily_24
Lily,020011,candy,24,Lily_24
Lily,020023,cutting,24,Lily_24
Lily,020023,diaper,24,Lily_24
Lily,020023,putting,24,Lily_24
Lily,020023,donut,24,Lily_24
Lily,020108,muffin,25,Lily_25
Lily,020115,climbing,25,Lily_25
Lily,020115,shopping,25,Lily_25
Lily,020115,tissue,25,Lily_25
Lily,020115,pony,25,Lily_25
Lily,020115,hoses,25,Lily_25
Lily,020115,people,25,Lily_25
Lily,020115,making,25,Lily_25
Lily,020123,pudding,25,Lily_25
Lily,020123,getting,25,Lily_25
Lily,020123,myself,25,Lily_25
Lily,020201,having,26,Lily_26
Lily,020201,eating,26,Lily_26
Lily,020215a,movie,26,Lily_26
Lily,020215a,uncle,26,Lily_26
Lily,020215a,tummy,26,Lily_26
Lily,020215a,penny,26,Lily_26
Lily,020227,falling,26,Lily_26
Lily,020227,oven,26,Lily_26
Lily,020227,penis,26,Lily_26
Lily,020227,basket,26,Lily_26
Lily,020227,police,26,Lily_26
Lily,020227,looking,26,Lily_26
Lily,020227,lady,26,Lily_26
Lily,020317,above,27,Lily_27
Lily,020317,aunty's,27,Lily_27
Lily,020402,any,28,Lily_28
Lily,020409,singing,28,Lily_28
Lily,020409,sticking,28,Lily_28
Lily,020409,doesn't,28,Lily_28
Lily,020416,giving,28,Lily_28
Lily,020416,into,28,Lily_28
Lily,020428,lolly,28,Lily_28
Lily,020428,picking,28,Lily_28
Lily,020518,heavy,29,Lily_29
Lily,020518,noisy,29,Lily_29
Lily,020518,today,29,Lily_29
Lily,020518,bathing,29,Lily_29
Lily,020604,catches,30,Lily_30
Lily,020604,needed,30,Lily_30
Lily,020604,pulling,30,Lily_30
Lily,020612,biting,30,Lily_30
Lily,020618,finish,30,Lily_30
Lily,020623,licking,30,Lily_30
Lily,020623,it'll,30,Lily_30
Violet,010200,uhoh,14,Violet_14
Violet,010503,baby,17,Violet_17
Violet,010520,daddy,17,Violet_17
Violet,010603,doggy,18,Violet_18
Violet,010704,puppy,19,Violet_19
Violet,010704,yummy,19,Violet_19
Violet,010722,away,19,Violet_19
Violet,010722,naughty,19,Violet_19
Violet,010722,monkey,19,Violet_19
Violet,010805,helping,20,Violet_20
Violet,010805,table,20,Violet_20
Violet,010805,sweepie,20,Violet_20
Violet,010805,any,20,Violet_20
Violet,010805,kitty+cat,20,Violet_20
Violet,010805,money,20,Violet_20
Violet,010822,pencil,20,Violet_20
Violet,010907,about,21,Violet_21
Violet,010907,bunny,21,Violet_21
Violet,010907,candy,21,Violet_21
Violet,010907,yellow,21,Violet_21
Violet,010925,puzzle,21,Violet_21
Violet,011012,pizza,22,Violet_22
Violet,011012,glasses,22,Violet_22
Violet,011027,jelly,22,Violet_22
Violet,011027,donut,22,Violet_22
Violet,011027,bucket,22,Violet_22
Violet,011027,gonna,22,Violet_22
Violet,011115,apple,23,Violet_23
Violet,011115,hello,23,Violet_23
Violet,011115,doesn't,23,Violet_23
Violet,011115,walking,23,Violet_23
Violet,011128,sitting,23,Violet_23
Violet,011128,catching,23,Violet_23
Violet,011128,making,23,Violet_23
Violet,020013,wanna,24,Violet_24
Violet,020027,today,24,Violet_24
Violet,020027,coffee,24,Violet_24
Violet,020110,doggies,25,Violet_25
Violet,020110,finished,25,Violet_25
Violet,020110,pulling,25,Violet_25
Violet,020110,cookie,25,Violet_25
Violet,020110,chocolate,25,Violet_25
Violet,020110,donkey,25,Violet_25
Violet,020110,got_to,25,Violet_25
Violet,020110,necklace,25,Violet_25
Violet,020110,tissue,25,Violet_25
Violet,020110,blanket,25,Violet_25
Violet,020119,tickle,25,Violet_25
Violet,020211,mitten,26,Violet_26
Violet,020211,singing,26,Violet_26
Violet,020211,pony,26,Violet_26
Violet,020211,pickle,26,Violet_26
Violet,020211,tiny,26,Violet_26
Violet,020211,kissing,26,Violet_26
Violet,020305,sleeping,27,Violet_27
Violet,020305,window,27,Violet_27
Violet,020305,pushing,27,Violet_27
Violet,020305,closet,27,Violet_27
Violet,020305,skating,27,Violet_27
Violet,020305,tonight,27,Violet_27
Violet,020305,bottle,27,Violet_27
Violet,020312,looking,27,Violet_27
Violet,020312,having,27,Violet_27
Violet,020319,hiding,27,Violet_27
Violet,020319,outside,27,Violet_27
Violet,020319,above,27,Violet_27
Violet,020319,waiting,27,Violet_27
Violet,020319,jumping,27,Violet_27
Violet,020501,teddy,29,Violet_29
Violet,020501,kitchen,29,Violet_29
Violet,020501,potty,29,Violet_29
Violet,020501,basket,29,Violet_29
Violet,020501,finish,29,Violet_29
Violet,020501,pancake,29,Violet_29
Violet,020515,sleepy,29,Violet_29
Violet,020515,taping,29,Violet_29
Violet,020515,cowboy,29,Violet_29
Violet,020515,button,29,Violet_29
Violet,020515,kicking,29,Violet_29
Violet,020515,soda,29,Violet_29
Violet,020110,elephant,25,Violet_25
Violet,020527,talking,29,Violet_29
Violet,020616,shh,30,Violet_30
Violet,020616,listen,30,Violet_30
William,010412,doggie,16,William_16
William,010412,doggy,16,William_16
William,010427,button,16,William_16
William,010427,apple,16,William_16
William,010605,uhoh,18,William_18
William,010605,bubbles,18,William_18
William,010605,daddy,18,William_18
William,010605,hello,18,William_18
William,010605,kitty,18,William_18
William,010619,cookie,18,William_18
William,010619,baby,18,William_18
William,010619,yellow,18,William_18
William,010619,doggies,18,William_18
William,010619,potty,18,William_18
William,010619,outside,18,William_18
William,010619,donkey,18,William_18
William,010708,monkey,19,William_19
William,010708,window,19,William_19
William,010802,puzzle,20,William_20
William,010802,awake,20,William_20
William,010802,gonna,20,William_20
William,010802,wanna,20,William_20
William,010802,licking,20,William_20
William,010802,puppy,20,William_20
William,010802,balloon,20,William_20
William,010814,away,20,William_20
William,010814,kitty+cat,20,William_20
William,010814,today,20,William_20
William,010814,tv,20,William_20
William,010814,behind,20,William_20
William,010829,bucket,20,William_20
William,010912,yummy,21,William_21
William,010912,table,21,William_21
William,010927,glasses,21,William_21
William,011012,good_night,22,William_22
William,011012,snowman,22,William_22
William,011012,kicking,22,William_22
William,011012,sleeping,22,William_22
William,011012,finished,22,William_22
William,011100,about,23,William_23
William,011100,blanky,23,William_23
William,020012,tissue,24,William_24
William,020028,bunny,24,William_24
William,020028,finish,24,William_24
William,020127,yucky,25,William_25
William,020127,pancake,25,William_25
William,020127,smily,25,William_25
William,020209,basket,26,William_26
William,020221,gentle,26,William_26
William,020221,napkin,26,William_26
William,020307,skating,27,William_27
William,020307,tickle,27,William_27
William,020319,pushing,27,William_27
William,020403,let,28,William_28
William,020403,hiding,28,William_28
William,020403,stopping,28,William_28
William,020416,listen,28,William_28
William,020500,walking,29,William_29
William,020500,taking,29,William_29
William,020516,climbing,29,William_29
William,020516,singing,29,William_29
William,020529,making,29,William_29
William,020612,falling,30,William_30
Naima,001126,hello,11,Naima_11
Naima,010014,baby,12,Naima_12
Naima,010014,kitty+cat,12,Naima_12
Naima,010026,duckling,12,Naima_12
Naima,010026,bottle,12,Naima_12
Naima,010026,balloon,12,Naima_12
Naima,010026,blanket,12,Naima_12
Naima,010111,coffee,13,Naima_13
Naima,010111,tissue,13,Naima_13
Naima,010124,apple,13,Naima_13
Naima,010124,button,13,Naima_13
Naima,010207,sofa,14,Naima_14
Naima,010207,jacket,14,Naima_14
Naima,010221,sleepy,14,Naima_14
Naima,010221,puppy,14,Naima_14
Naima,010307,people,15,Naima_15
Naima,010312,uhoh,15,Naima_15
Naima,010312,pony,15,Naima_15
Naima,010312,shovel,15,Naima_15
Naima,010312,bucket,15,Naima_15
Naima,010312,heavy,15,Naima_15
Naima,010312,cowboy,15,Naima_15
Naima,010312,puppy+dog,15,Naima_15
Naima,010312,singing,15,Naima_15
Naima,010312,yucky,15,Naima_15
Naima,010312,doggy,15,Naima_15
Naima,010325,lady,15,Naima_15
Naima,010325,tummy,15,Naima_15
Naima,010325,yummy,15,Naima_15
Naima,010325,noisy,15,Naima_15
Naima,010325,bubbles,15,Naima_15
Naima,010403,bunny,16,Naima_16
Naima,010403,tiny,16,Naima_16
Naima,010403,sticky,16,Naima_16
Naima,010403,hiding,16,Naima_16
Naima,010403,kissing,16,Naima_16
Naima,010403,kitty,16,Naima_16
Naima,010403,away,16,Naima_16
Naima,010410,applesauce,16,Naima_16
Naima,010410,outside,16,Naima_16
Naima,010416,shaking,16,Naima_16
Naima,010416,monkey,16,Naima_16
Naima,010416,eating,16,Naima_16
Naima,010416,sitting,16,Naima_16
Naima,010416,walking,16,Naima_16
Naima,010423,doggie,16,Naima_16
Naima,010423,happy,16,Naima_16
Naima,010502,shopping,17,Naima_17
Naima,010502,jumping,17,Naima_17
Naima,010502,glasses,17,Naima_17
Naima,010502,yellows,17,Naima_17
Naima,010502,yellow,17,Naima_17
Naima,010511,tickle,17,Naima_17
Naima,010511,picnic,17,Naima_17
Naima,010524,pencil,17,Naima_17
Naima,010524,duckies,17,Naima_17
Naima,010524,climbing,17,Naima_17
Naima,010524,talking,17,Naima_17
Naima,010524,about,17,Naima_17
Naima,010524,biting,17,Naima_17
Naima,010524,potty,17,Naima_17
Naima,010524,hugging,17,Naima_17
Naima,010604,money,18,Naima_18
Naima,010604,today,18,Naima_18
Naima,010604,listen,18,Naima_18
Naima,010604,kitchen,18,Naima_18
Naima,010604,falling,18,Naima_18
Naima,010604,giving,18,Naima_18
Naima,010604,having,18,Naima_18
Naima,010604,taking,18,Naima_18
Naima,010604,feeding,18,Naima_18
Naima,010604,pushing,18,Naima_18
Naima,010604,smily,18,Naima_18
Naima,010609,pillow,18,Naima_18
Naima,010609,helping,18,Naima_18
Naima,010609,putting,18,Naima_18
Naima,010609,getting,18,Naima_18
Naima,010609,pizza,18,Naima_18
Naima,010609,hidden,18,Naima_18
Naima,010609,picking,18,Naima_18
Naima,010609,taping,18,Naima_18
Naima,010609,soda,18,Naima_18
Naima,010609,closing,18,Naima_18
Naima,010620,cutting,18,Naima_18
Naima,010620,ducklings,18,Naima_18
Naima,010620,finished,18,Naima_18
Naima,010700,let,19,Naima_19
Naima,010700,any,19,Naima_19
Naima,010700,behind,19,Naima_19
Naima,010710,licking,19,Naima_19
Naima,010723,pasta,19,Naima_19
Naima,010723,window,19,Naima_19
Naima,010801,jelly,20,Naima_20
Naima,010801,puzzle,20,Naima_20
Naima,010801,playpen,20,Naima_20
Naima,010821,pudding,20,Naima_20
Naima,010821,knocking,20,Naima_20
Naima,010821,tonight,20,Naima_20
Naima,010821,washie,20,Naima_20
Naima,010908,beddy,21,Naima_21
Naima,010910,sticking,21,Naima_21
Naima,010910,finish,21,Naima_21
Naima,010915,waking,21,Naima_21
Naima,010915,baby+doll,21,Naima_21
Naima,010921,into,21,Naima_21
Naima,010921,biggest,21,Naima_21
Naima,010925,isn't,21,Naima_21
Naima,011005,soaping,22,Naima_22
Naima,011005,hitting,22,Naima_22
Naima,011012,snowman,22,Naima_22
Naima,011027,pancake,22,Naima_22
Naima,011027,eated,22,Naima_22
Naima,011107,necklace,23,Naima_23
Naima,020004,ankle,24,Naima_24
Naima,020012,naughty,24,Naima_24
Naima,020012,muffin,24,Naima_24
Naima,010511,elephant,17,Naima_17
Naima,020124,touching,25,Naima_25
Naima,020124,police,25,Naima_25
Naima,020124,tv,25,Naima_25
Naima,020211,movies,26,Naima_26
Naima,020217,needed,26,Naima_26
Naima,020306,thinking,27,Naima_27
Naima,020306,oven,27,Naima_27
Naima,020316,pulling,27,Naima_27
Naima,020324,closet,27,Naima_27
Naima,020411,movie,28,Naima_28
Naima,020411,stopping,28,Naima_28
Naima,020424,chasing,28,Naima_28
Naima,020424,asleep,28,Naima_28
Naima,020424,bathing,28,Naima_28
Naima,020427,teddy,28,Naima_28
Naima,010710,pajama,19,Naima_19
Naima,020514,myself,29,Naima_29
Naima,020515,waiting,29,Naima_29
Naima,020519,camping,29,Naima_29
Naima,020527,wiping,29,Naima_29
Naima,020527,haven't,29,Naima_29
Naima,020527,needing,29,Naima_29
Alex,011127,elephant,23,Alex_23
Alex,020012,lollipop,24,Alex_24
Alex,020425,banana,28,Alex_28
Alex,020509,animal,29,Alex_29
Alex,020523,vanilla,29,Alex_29
Alex,020606,potato,30,Alex_30
Alex,020620,telephone,30,Alex_30
Lily,010912,animal,21,Lily_21
Lily,011009,elephant,22,Lily_22
Lily,011022,potato,22,Lily_22
Lily,011107,lollipop,23,Lily_23
Lily,011107,vanilla,23,Lily_23
Lily,011107,bicycle,23,Lily_23
Lily,020011,banana,24,Lily_24
Lily,020215b,pajama,26,Lily_26
Lily,020305,vagina,27,Lily_27
Lily,020618,medicine,30,Lily_30
Violet,010822,animal,20,Violet_20
Violet,011027,lollipop,22,Violet_22
Violet,011128,bicycle,23,Violet_23
Violet,020027,popsicle,24,Violet_24
Violet,020110,medicine,25,Violet_25
Violet,020211,telephone,26,Violet_26
Violet,020515,banana,29,Violet_29
Violet,020527,pajama,29,Violet_29
William,010718,banana,19,William_19
William,010814,potato,20,William_20
William,011012,pajama,22,William_22
William,020403,lollipop,28,William_28
William,020403,animal,28,William_28
William,020516,elephant,29,William_29
Naima,010014,banana,12,Naima_12
Naima,010403,popsicle,16,Naima_16
Naima,010423,bicycle,16,Naima_16
Naima,010502,animal,17,Naima_17
Naima,010604,lollipop,18,Naima_18
Naima,010604,telephone,18,Naima_18
Naima,010723,potato,19,Naima_19
Naima,010818,listening,20,Naima_20
Naima,020017,vitamin,24,Naima_24
Naima,020116,vagina,25,Naima_25
Naima,020217,vacuuming,26,Naima_26
Naima,020424,vanilla,28,Naima_28
Naima,020518,medicine,29,Naima_29
Alex,011103,pumpkin,23,Alex_23
Lily,010814,pumpkin,20,Lily_20
Violet,020013,pumpkin,24,Violet_24
William,010814,pumpkin,20,William_20
Naima,020017,pumpkin,24,Naima_24
Lily,010803,empty,20,Lily_20
Violet,011027,empty,22,Violet_22
William,020028,empty,24,William_24
Naima,010801,empty,20,Naima_20
Alex,020620,penguin,30,Alex_30
Violet,011027,penguin,22,Violet_22
Naima,010410,penguin,16,Naima_16
Lily,011107,bathtub,23,Lily_23
Violet,011128,bathtub,23,Violet_23
Naima,010818,bathtub,20,Naima_20
Lily,020023,dancing,24,Lily_24
Violet,010907,dancing,21,Violet_21
Naima,010910,dancing,21,Naima_21
Lily,020123,windy,25,Lily_25
Violet,020110,windy,25,Violet_25
Naima,010423,windy,16,Naima_16
Lily,020215a,standing,26,Lily_26
Naima,010700,standing,19,Naima_19
Lily,020215a,holding,26,Lily_26
Violet,020119,holding,25,Violet_25
William,020307,holding,27,William_27
Naima,010604,holding,18,Naima_18
Lily,020416,sandbox,28,Lily_28
Naima,020519,sandbox,29,Naima_29
Lily,020618,sandwich,30,Lily_30
William,010912,sandwich,21,William_21
Naima,010620,sandwich,18,Naima_18
Violet,020211,finding,26,Violet_26
Naima,010609,finding,18,Naima_18
Naima,010221,bumping,14,Naima_14
Naima,010604,dumping,18,Naima_18
Naima,010609,vacuum,18,Naima_18
Naima,010915,planting,21,Naima_21
Naima,011018,fixing,22,Naima_22
Naima,020411,tasted,28,Naima_28
Naima,020517,planted,29,Naima_29
